city_id,city_name,longitude ,latitude,description,content_link
1,"Washington, DC",-77.03637,38.89511,"As the nation’s capital, Washington, D.C. blends monumental grandeur with vibrant neighborhood life. Iconic landmarks like the United States Capitol, the Lincoln Memorial, and the Washington Monument ring the National Mall—a green spine studded with Smithsonian museums housing priceless art, history, and science collections. Beyond government halls, diverse quarters such as the hip U Street Corridor and historic Georgetown offer world-class dining, live jazz, and boutique shopping. Cherry blossoms paint the city pink each spring along the Tidal Basin, while political rallies, festivals, and farmer’s markets animate the calendar year-round. With its unique mix of civic pride, cultural depth, and green spaces, D.C. invites both solemn reflection and spirited exploration.",https://youtu.be/7dilTLvbHxc?si=Zduf3AaJBqGSzxDL
2,"New York City, NY",-74.00597,40.71278,"New York City pulses with an energy that’s instantly recognizable—from the glittering skyline of Midtown Manhattan with its Empire State Building and Times Square to the leafy parks of Brooklyn and the indie spirit of Queens. As a global hub of finance, fashion, and the arts, NYC offers Broadway shows, world-renowned museums like MoMA and the Met, and an endless parade of restaurants serving cuisines from every corner of the globe. Walk the High Line for elevated urban views, catch a sunset ferry to Staten Island, or wander through the historic streets of the West Village. With its nonstop buzz and limitless diversity, New York is the city where anything feels possible.",https://youtu.be/MtCMtC50gwY?si=dM8kSxbHlLmJWQ04
3,"Atlanta, GA",-84.38800,33.74900,"Often called the “Capital of the South,” Atlanta is a modern metropolis rooted in rich civil-rights history. Visitors can explore the Martin Luther King Jr. National Historic Site and the National Center for Civil and Human Rights, then dive into the city’s booming film industry with studio tours and backdrops seen on screen. The city’s sprawling airport, Hartsfield–Jackson, underscores its role as a major business hub, while neighborhoods like Midtown and Buckhead offer a dynamic mix of craft breweries, upscale shopping, and Southern-inspired eateries. Green spaces such as Piedmont Park and the Atlanta BeltLine’s multi-use trails provide urban escapes, making Atlanta a city of Southern hospitality and metropolitan flair.",https://youtu.be/iB4XbL_PmzQ?si=ixQsUAQ2cwj7sjY7
4,"Boston, MA",-71.05888,42.36008,"Steeped in colonial heritage, Boston is where America’s story began—and where innovation thrives today. Walk the Freedom Trail past the Old State House and Paul Revere’s House, then indulge in fresh seafood at the historic Quincy Market. Prestigious universities like Harvard and MIT anchor the city’s role as a global educational leader, fostering a vibrant startup scene and thought-provoking public lectures. Catch a Red Sox game at Fenway Park—America’s oldest ballpark—or stroll the scenic Charles River Esplanade by kayak. Between cobblestone streets in Beacon Hill and trendy cafés in the Seaport District, Boston’s blend of history, academia, and modern reinvention captivates every visitor.",https://youtu.be/e5cm2SDuHxA?si=LAp1Yahkhot_zv53
5,"Philadelphia, PA",-75.16522,39.95258,"Known as the “City of Brotherly Love,” Philadelphia is a cornerstone of American history and a burgeoning cultural hotspot. See the Liberty Bell and Independence Hall where the Declaration of Independence was signed, then sample the city’s culinary trademark—a gooey cheesesteak—from South Philly’s longtime institutions. The Philadelphia Museum of Art, with its famous “Rocky Steps,” houses masterworks from across centuries, while the revitalized waterfront along the Delaware River buzzes with concerts and markets. Neighborhoods like Fishtown and Northern Liberties pulse with craft breweries, street art, and live-music venues, offering a modern twist on Philly’s storied past.",https://youtu.be/GHDtG4_Eq_c?si=VFsl42rSkqoNgmFb
6,"Miami, FL",-80.19179,25.76168,"Where sun-soaked beaches meet Latin-American flair, Miami dazzles with its art deco architecture, turquoise waters, and nonstop nightlife. South Beach’s pastel-hued hotels line Ocean Drive, inviting poolside lounging by day and world-class DJ sets by night. Little Havana pulses with the rhythms of salsa, hand-rolled cigars, and family-run cafés serving Cuban coffee and pastelitos. The Wynwood Arts District bursts with colorful street murals and cutting-edge galleries, while the Design District showcases luxury boutiques and avant-garde installations. Beyond the city, the Everglades beckon with airboat tours through marshes teeming with wildlife, making Miami a gateway to both tropical indulgence and natural wonder.",https://youtu.be/O76VPhhgLTg?si=zqtN7Bu851y4wAc_
7,"Charlotte, NC",-80.84313,35.22709,"Nicknamed the “Queen City” in honor of Queen Charlotte of Mecklenburg-Strelitz, Charlotte has grown into a major banking center anchored by sleek skyscrapers downtown. Uptown Charlotte combines corporate headquarters with cultural venues like the Levine Center for the Arts and the NASCAR Hall of Fame. The city’s craft-beer scene thrives in South End, where converted rail tracks host breweries and breweries-to-be along the Rail Trail. Family-friendly attractions include the U.S. National Whitewater Center and Carowinds amusement park just outside the city. With leafy suburbs, lively sports fandom for the Panthers (NFL) and Hornets (NBA), and a burgeoning food scene, Charlotte balances Southern charm with urban ambition.",https://youtu.be/cqv8MRlgKHA?si=1gAwMUO3Q8mentjP
8,"Nashville, TN",-86.78160,36.16266,"Dubbed “Music City,” Nashville is the heart of country music and a creative hub for songwriters and performers. Broadway’s neon-lit honky-tonks, from Robert’s Western World to the iconic Ryman Auditorium, echo with live performances around the clock. Beyond country, the city boasts a rising indie rock scene, celebrated at venues like The Basement and Belcourt Theatre. Southern hospitality shines through hot chicken joints in East Nashville and farm-to-table restaurants in The Gulch. Take a stroll down Music Row to glimpse historic recording studios, or catch a show at the Grand Ole Opry for a true taste of Nashville’s legacy. With its infectious rhythm and convivial spirit, Nashville leaves every visitor humming along.",https://youtu.be/kyexru3QYY4?si=0ywnWUxgUQx0yLir
9,"Chicago, IL",-87.62980,41.87811,"Often called the “Windy City,” Chicago sits majestically on the shores of Lake Michigan, blending soaring skyscrapers with vibrant neighborhoods and a rich cultural tapestry. From the gleaming glass spires of the Loop—home to architectural marvels like the Willis Tower and the neo-Gothic Tribune Tower—to the leafy boulevards of Hyde Park and Lincoln Park, Chicago offers a dynamic urban playground. Renowned for its world-class museums (the Art Institute of Chicago and the Museum of Science and Industry), legendary blues and jazz clubs in Bronzeville and River North, and an ever-evolving culinary scene—from deep-dish pizza to Michelin-starred fine dining—Chicago effortlessly balances Midwestern warmth with big-city energy. Stroll along the lakefront trail at sunrise, catch a show in the theater district, or take in panoramic skyline views from 360 CHICAGO; Chicago’s magnetic charm is as diverse as its 77 neighborhoods.",https://youtu.be/iWSA3sUh63Y?si=sUJFTtkCZDvwPf6V
10,"Las Vegas, NV",-115.13983,36.16994,"Beyond the neon-lit extravaganza of the Las Vegas Strip lies a city of surprising contrasts. Known worldwide as “Sin City,” Las Vegas dazzles with over-the-top resorts, nightly spectacles (Cirque du Soleil, residencies by superstar headliners), and a 24/7 playground of casinos, clubs, and world-class restaurants helmed by celebrity chefs. Yet, just a short drive away you can find the rugged beauty of Red Rock Canyon, the serene expanse of Lake Mead, and the stark grandeur of the Hoover Dam. Daytime in Vegas brings poolside luxury and shopping at upscale malls; evenings burst into life with immersive shows, gourmet dining experiences, and nightclub theatrics. With an ever-changing entertainment lineup, a burgeoning arts scene in the Downtown Arts District, and spectacular desert sunsets, Las Vegas continuously reinvents itself—offering both indulgent excess and unexpected adventures.",https://youtu.be/upNaWVdaXss?si=dG-sVfb-UNqmdSng